Rusty Rooms Residences;Brussels;2023-04-12;Deluxe;132.19
Ferris Motel One;Athens;2024-10-09;Family;227.43
Borrow Checker Bed & Breakfast;Vienna;2023-09-04;Deluxe;157.99
Cargo Cabin;Oslo;2023-01-24;Double;170.17
Lifetime Lodge;Istanbul;2024-10-15;Family;177.94
Mutable Manor;Budapest;2023-03-26;Executive;197.24
Ownership Oasis;Prague;2024-11-07;Suite;77.94
Pattern Palace;Madrid;2023-03-17;Executive;195.5
Trait Towers;Amsterdam;2024-05-06;Double;141.94
Async Apartments;Rome;2023-06-28;Single;84.36
Binary Bungalows;Dublin;2024-05-01;Executive;146.57
Crates Cottage;Athens;2023-03-05;Suite;248.67
Data Den;Paris;2023-11-19;Single;238.3
Enum Estate;Berlin;2024-06-12;Double;277.98
Function Flat;Paris;2023-03-05;Double;277.88
Generics Getaway;Warsaw;2024-01-23;Deluxe;217.79
Immutable Inn;Amsterdam;2024-10-26;Family;51.35
Loop Lodge;Zurich;2024-01-14;Deluxe;199.99
Match Motel;Lisbon;2023-11-22;Double;152.49
Reference Resort;Istanbul;2024-04-14;Double;58.25
Slice Suites;Stockholm;2023-12-13;Suite;223.46
Stack Stay;Stockholm;2023-05-12;Double;297.56
Struct Stayhouse;Stockholm;2024-07-05;Double;140.41
Tuple Townhouse;Rome;2024-04-23;Double;177.31
Variable Villa;Paris;2023-11-24;Family;296.82
Macro Motel;Berlin;2023-02-12;Executive;58.3
Module Mansion;Stockholm;2024-04-24;Suite;247.53
Safe Syntax Suites;Berlin;2024-07-08;Family;188.13
Type Town;Athens;2023-03-27;Suite;206.17
Unwind Undercroft;Athens;2024-08-20;Single;102.97
Ferris Fortress;Copenhagen;2024-12-28;Family;63.07
Rustic Retreat;Zurich;2024-09-21;Suite;202.6
Syntax Stay;Istanbul;2024-09-22;Double;87.47
Lifetime Lodge;Dublin;2024-03-14;Deluxe;230.16
Memory Motel;Prague;2024-01-27;Single;57.96
Code Cabin;Copenhagen;2024-05-26;Suite;173.81
Cargo Cottage;Lisbon;2023-12-21;Double;121.75
Rust Retreat;Vienna;2024-06-10;Single;250.06
Slice Suites;Oslo;2023-12-01;Executive;82.88
Safe Stay;Budapest;2023-07-22;Single;70.53
Immutable Inn;Rome;2023-01-19;Double;97.09
Ownership Oasis;Zurich;2023-05-11;Suite;84.1
Thread Townhouse;Budapest;2023-04-12;Single;201.96
Async Apartments;Istanbul;2024-10-03;Deluxe;264.97
Borrow Bungalows;London;2024-07-07;Single;216.84
Stack Stay;Stockholm;2024-06-16;Deluxe;62.19
Reference Resort;Madrid;2023-05-10;Family;173.59
Trait Towers;Athens;2023-05-06;Double;259.23
Macro Motel;London;2024-05-06;Single;293.07
Data Den;Warsaw;2023-10-02;Single;89.98
Lifetime Lodge;Madrid;2023-11-23;Double;120.71
Mutable Manor;Zurich;2023-02-13;Suite;274.24
Enum Estate;Zurich;2023-06-22;Deluxe;111.13
Match Motel;Stockholm;2023-06-21;Suite;171.9
Vector Villa;Warsaw;2024-02-01;Family;75.12
Generics Getaway;Istanbul;2024-01-03;Deluxe;141.37
Function Flat;Warsaw;2024-12-28;Double;125.05
Pattern Palace;London;2023-08-26;Family;225.37
Crates Cabin;Warsaw;2024-05-07;Family;50.97
Rust Roadhouse;Berlin;2023-08-10;Suite;110.62
Syntax Suites;Rome;2023-02-01;Executive;274.1
Binary Bungalow;Madrid;2024-02-24;Suite;287.95
Module Mansion;Paris;2023-04-08;Single;270.14
Tuple Townhouse;Oslo;2024-11-26;Family;144.16
Loop Lodge;Helsinki;2024-12-20;Double;139.84
Type Town;Oslo;2023-02-05;Suite;202.13
Immutable Inn;Prague;2023-01-06;Suite;277.96
Ownership Oasis;Warsaw;2024-04-08;Deluxe;150.65
Trait Towers;Istanbul;2023-11-10;Executive;268.83
Vector Villa;Prague;2024-06-08;Family;179.1
Async Apartments;Madrid;2024-07-22;Executive;251.65
Binary Bungalows;Lisbon;2023-08-13;Executive;183.45
Cargo Cottage;Zurich;2024-06-21;Family;113.64
Data Den;Paris;2023-10-14;Suite;145.62
Enum Estate;Copenhagen;2023-04-15;Single;252.15
Function Flat;Amsterdam;2024-04-26;Executive;114.89
Generics Getaway;Athens;2023-12-06;Executive;63.5
Immutable Inn;Oslo;2024-06-15;Executive;67.81
Loop Lodge;London;2024-03-14;Suite;117.85
Match Motel;Paris;2024-05-10;Double;261.43
Reference Resort;Istanbul;2023-07-11;Family;119.57
Slice Suites;Amsterdam;2024-07-16;Family;253.99
Stack Stay;Warsaw;2023-04-18;Single;196.13
Struct Stayhouse;Istanbul;2024-09-24;Deluxe;208.59
Tuple Townhouse;Istanbul;2023-05-27;Family;54.16
Variable Villa;Brussels;2024-05-27;Double;71.41
Macro Motel;Rome;2024-08-21;Executive;104.8
Module Mansion;Zurich;2023-01-05;Double;64.77
Safe Syntax Suites;Zurich;2023-07-14;Deluxe;269.89
Type Town;Budapest;2024-04-01;Executive;138.74
Unwind Undercroft;London;2023-12-28;Single;173.39
Ferris Fortress;Dublin;2024-11-04;Suite;244.47
Rustic Retreat;Stockholm;2023-03-24;Single;266.62
Syntax Stay;Lisbon;2023-03-13;Family;215.47
Lifetime Lodge;Amsterdam;2024-07-07;Suite;203.9
Memory Motel;Brussels;2023-02-15;Single;243.51
Code Cabin;Lisbon;2024-08-22;Executive;195.34
Cargo Cottage;Prague;2024-11-08;Family;294.27
Rust Retreat;Helsinki;2023-09-02;Executive;115.28
Slice Suites;Budapest;2024-01-05;Suite;225.94
Safe Stay;Copenhagen;2024-04-05;Executive;178.41
Immutable Inn;Brussels;2024-07-13;Executive;175.64
Ownership Oasis;Lisbon;2024-12-26;Double;187.47
Thread Townhouse;Paris;2024-01-25;Suite;146.44
Async Apartments;Warsaw;2023-06-13;Family;129.67
Borrow Bungalows;Paris;2024-05-24;Suite;121.91
Stack Stay;Vienna;2023-09-07;Deluxe;109.32
Reference Resort;Prague;2023-03-14;Deluxe;141.35
Trait Towers;Helsinki;2023-08-20;Suite;256.04
Macro Motel;London;2023-01-03;Deluxe;232.72
Data Den;Oslo;2023-07-14;Double;218.49
Lifetime Lodge;Paris;2023-10-16;Deluxe;131.58
Mutable Manor;Amsterdam;2024-03-11;Family;233.69
Enum Estate;Budapest;2024-07-21;Suite;288.74
Match Motel;Helsinki;2024-09-14;Suite;142.87
Vector Villa;Lisbon;2024-02-17;Deluxe;68.48
Generics Getaway;Budapest;2023-08-05;Deluxe;234.69
Function Flat;Berlin;2023-02-09;Double;192.29
Pattern Palace;Prague;2024-09-22;Suite;211.21
Crates Cabin;Copenhagen;2023-09-18;Family;286.91
Rust Roadhouse;Zurich;2024-11-11;Executive;246.76
Syntax Suites;Zurich;2023-05-05;Deluxe;188.88
